day,city,cases_filed,cum_filed,cases_disposed,cum_disposed,active_cases
2015-12-28,Brooklyn,1,1.0,1,1.0,0.0
2016-01-04,Brooklyn,1209,2213.0,1174,2150.0,63.0
2016-01-04,New York,1003,2213.0,975,2150.0,63.0
2016-01-11,Brooklyn,1724,5453.0,1702,5315.0,138.0
2016-01-11,New York,1516,5453.0,1463,5315.0,138.0
2016-01-18,Brooklyn,1081,7492.0,1071,7326.0,166.0
2016-01-18,New York,958,7492.0,940,7326.0,166.0
2016-01-25,Brooklyn,1319,9714.0,1289,9491.0,223.0
2016-01-25,New York,903,9714.0,876,9491.0,223.0
2016-02-01,Brooklyn,1495,12381.0,1448,12081.0,300.0
2016-02-01,New York,1172,12381.0,1142,12081.0,300.0
2016-02-08,Brooklyn,1671,15160.0,1647,14812.0,348.0
2016-02-08,New York,1108,15160.0,1084,14812.0,348.0
2016-02-15,Brooklyn,1703,18051.0,1658,17608.0,443.0
2016-02-15,New York,1188,18051.0,1138,17608.0,443.0
2016-02-22,Brooklyn,1048,20202.0,1003,19664.0,538.0
2016-02-22,New York,1103,20202.0,1053,19664.0,538.0
2016-02-29,Brooklyn,1166,22287.0,1124,21680.0,607.0
2016-02-29,New York,919,22287.0,892,21680.0,607.0
2016-03-07,Brooklyn,1630,25281.0,1612,24627.0,654.0
2016-03-07,New York,1364,25281.0,1335,24627.0,654.0
2016-03-14,Brooklyn,1332,27635.0,1308,26932.0,703.0
2016-03-14,New York,1022,27635.0,997,26932.0,703.0
2016-03-21,Brooklyn,1049,29450.0,1023,28684.0,766.0
2016-03-21,New York,766,29450.0,729,28684.0,766.0
2016-03-28,Brooklyn,777,30888.0,757,30079.0,809.0
2016-03-28,New York,661,30888.0,638,30079.0,809.0
2016-04-04,Brooklyn,1291,33063.0,1269,32215.0,848.0
2016-04-04,New York,884,33063.0,867,32215.0,848.0
2016-04-11,Brooklyn,1224,35329.0,1202,34435.0,894.0
2016-04-11,New York,1042,35329.0,1018,34435.0,894.0
2016-04-18,Brooklyn,1243,37490.0,1226,36554.0,936.0
2016-04-18,New York,918,37490.0,893,36554.0,936.0
2016-04-25,Brooklyn,920,39049.0,883,38027.0,1022.0
2016-04-25,New York,639,39049.0,590,38027.0,1022.0
2016-05-02,Brooklyn,1047,41103.0,1030,40041.0,1062.0
2016-05-02,New York,1007,41103.0,984,40041.0,1062.0
2016-05-09,Brooklyn,1505,43745.0,1492,42634.0,1111.0
2016-05-09,New York,1137,43745.0,1101,42634.0,1111.0
2016-05-16,Brooklyn,1247,45829.0,1227,44674.0,1155.0
2016-05-16,New York,837,45829.0,813,44674.0,1155.0
2016-05-23,Brooklyn,947,47444.0,931,46247.0,1197.0
2016-05-23,New York,668,47444.0,642,46247.0,1197.0
2016-05-30,Brooklyn,814,48918.0,801,47687.0,1231.0
2016-05-30,New York,660,48918.0,639,47687.0,1231.0
2016-06-06,Brooklyn,1209,51025.0,1186,49750.0,1275.0
2016-06-06,New York,898,51025.0,877,49750.0,1275.0
2016-06-13,Brooklyn,1676,53967.0,1645,52624.0,1343.0
2016-06-13,New York,1266,53967.0,1229,52624.0,1343.0
2016-06-20,Brooklyn,952,55660.0,929,54276.0,1384.0
2016-06-20,New York,741,55660.0,723,54276.0,1384.0
2016-06-27,Brooklyn,1007,57464.0,979,56019.0,1445.0
2016-06-27,New York,797,57464.0,764,56019.0,1445.0
2016-07-04,Brooklyn,910,59118.0,888,57635.0,1483.0
2016-07-04,New York,744,59118.0,728,57635.0,1483.0
2016-07-11,Brooklyn,1764,61895.0,1730,60348.0,1547.0
2016-07-11,New York,1013,61895.0,983,60348.0,1547.0
2016-07-18,Brooklyn,1452,64406.0,1426,62805.0,1601.0
2016-07-18,New York,1059,64406.0,1031,62805.0,1601.0
2016-07-25,Brooklyn,873,66036.0,850,64392.0,1644.0
2016-07-25,New York,757,66036.0,737,64392.0,1644.0
2016-08-01,Brooklyn,1003,68007.0,983,66317.0,1690.0
2016-08-01,New York,968,68007.0,942,66317.0,1690.0
2016-08-08,Brooklyn,1708,71090.0,1666,69333.0,1757.0
2016-08-08,New York,1375,71090.0,1350,69333.0,1757.0
2016-08-15,Brooklyn,1465,73417.0,1435,71603.0,1814.0
2016-08-15,New York,862,73417.0,835,71603.0,1814.0
2016-08-22,Brooklyn,1336,75762.0,1313,73900.0,1862.0
2016-08-22,New York,1009,75762.0,984,73900.0,1862.0
2016-08-29,Brooklyn,981,77462.0,960,75562.0,1900.0
2016-08-29,New York,719,77462.0,702,75562.0,1900.0
2016-09-05,Brooklyn,1129,79484.0,1113,77545.0,1939.0
2016-09-05,New York,893,79484.0,870,77545.0,1939.0
2016-09-12,Brooklyn,1589,82284.0,1565,80282.0,2002.0
2016-09-12,New York,1211,82284.0,1172,80282.0,2002.0
2016-09-19,Brooklyn,1234,84627.0,1202,82535.0,2092.0
2016-09-19,New York,1109,84627.0,1051,82535.0,2092.0
2016-09-26,Brooklyn,1355,86682.0,1320,84543.0,2139.0
2016-09-26,New York,700,86682.0,688,84543.0,2139.0
2016-10-03,Brooklyn,1005,88630.0,980,86450.0,2180.0
2016-10-03,New York,943,88630.0,927,86450.0,2180.0
2016-10-10,Brooklyn,1274,90968.0,1247,88725.0,2243.0
2016-10-10,New York,1064,90968.0,1028,88725.0,2243.0
2016-10-17,Brooklyn,1431,93508.0,1394,91203.0,2305.0
2016-10-17,New York,1109,93508.0,1084,91203.0,2305.0
2016-10-24,Brooklyn,1138,95599.0,1127,93260.0,2339.0
2016-10-24,New York,953,95599.0,930,93260.0,2339.0
2016-10-31,Brooklyn,1413,97910.0,1392,95532.0,2378.0
2016-10-31,New York,898,97910.0,880,95532.0,2378.0
2016-11-07,Brooklyn,1158,99991.0,1140,97564.0,2427.0
2016-11-07,New York,923,99991.0,892,97564.0,2427.0
2016-11-14,Brooklyn,1540,102850.0,1510,100358.0,2492.0
2016-11-14,New York,1319,102850.0,1284,100358.0,2492.0
2016-11-21,Brooklyn,1085,104571.0,1046,102011.0,2560.0
2016-11-21,New York,636,104571.0,607,102011.0,2560.0
2016-11-28,Brooklyn,1278,106754.0,1253,104131.0,2623.0
2016-11-28,New York,905,106754.0,867,104131.0,2623.0
2016-12-05,Brooklyn,1769,109515.0,1716,106820.0,2695.0
2016-12-05,New York,992,109515.0,973,106820.0,2695.0
2016-12-12,Brooklyn,1519,112194.0,1492,109425.0,2769.0
2016-12-12,New York,1160,112194.0,1113,109425.0,2769.0
2016-12-19,Brooklyn,1206,114104.0,1161,111269.0,2835.0
2016-12-19,New York,704,114104.0,683,111269.0,2835.0
2016-12-26,Brooklyn,939,115718.0,926,112848.0,2870.0
2016-12-26,New York,675,115718.0,653,112848.0,2870.0
2017-01-02,Brooklyn,883,117225.0,872,114328.0,2897.0
2017-01-02,New York,624,117225.0,608,114328.0,2897.0
2017-01-09,Brooklyn,1245,119716.0,1218,116768.0,2948.0
2017-01-09,New York,1246,119716.0,1222,116768.0,2948.0
2017-01-16,Brooklyn,1393,122224.0,1373,119225.0,2999.0
2017-01-16,New York,1115,122224.0,1084,119225.0,2999.0
2017-01-23,Brooklyn,1024,124079.0,1008,121035.0,3044.0
2017-01-23,New York,831,124079.0,802,121035.0,3044.0
2017-01-30,Brooklyn,1081,126158.0,1060,123038.0,3120.0
2017-01-30,New York,998,126158.0,943,123038.0,3120.0
2017-02-06,Brooklyn,1516,128639.0,1466,125452.0,3187.0
2017-02-06,New York,965,128639.0,948,125452.0,3187.0
2017-02-13,Brooklyn,1636,131351.0,1612,128099.0,3252.0
2017-02-13,New York,1076,131351.0,1035,128099.0,3252.0
2017-02-20,Brooklyn,1042,133391.0,1025,130090.0,3301.0
2017-02-20,New York,998,133391.0,966,130090.0,3301.0
2017-02-27,Brooklyn,1574,136081.0,1546,132720.0,3361.0
2017-02-27,New York,1116,136081.0,1084,132720.0,3361.0
2017-03-06,Brooklyn,1639,138780.0,1622,135371.0,3409.0
2017-03-06,New York,1060,138780.0,1029,135371.0,3409.0
2017-03-13,Brooklyn,1016,140610.0,980,137150.0,3460.0
2017-03-13,New York,814,140610.0,799,137150.0,3460.0
2017-03-20,Brooklyn,1120,142796.0,1090,139279.0,3517.0
2017-03-20,New York,1066,142796.0,1039,139279.0,3517.0
2017-03-27,Brooklyn,1148,144938.0,1133,141368.0,3570.0
2017-03-27,New York,994,144938.0,956,141368.0,3570.0
2017-04-03,Brooklyn,1247,147020.0,1209,143385.0,3635.0
2017-04-03,New York,835,147020.0,808,143385.0,3635.0
2017-04-10,Brooklyn,1202,149299.0,1172,145598.0,3701.0
2017-04-10,New York,1077,149299.0,1041,145598.0,3701.0
2017-04-17,Brooklyn,842,150799.0,829,147062.0,3737.0
2017-04-17,New York,658,150799.0,635,147062.0,3737.0
2017-04-24,Brooklyn,983,152806.0,969,149025.0,3781.0
2017-04-24,New York,1024,152806.0,994,149025.0,3781.0
2017-05-01,Brooklyn,1190,154865.0,1172,151056.0,3809.0
2017-05-01,New York,869,154865.0,859,151056.0,3809.0
2017-05-08,Brooklyn,1346,157148.0,1305,153272.0,3876.0
2017-05-08,New York,937,157148.0,911,153272.0,3876.0
2017-05-15,Brooklyn,1395,159512.0,1372,155588.0,3924.0
2017-05-15,New York,969,159512.0,944,155588.0,3924.0
2017-05-22,Brooklyn,1102,161454.0,1065,157467.0,3987.0
2017-05-22,New York,840,161454.0,814,157467.0,3987.0
2017-05-29,Brooklyn,661,162731.0,646,158717.0,4014.0
2017-05-29,New York,616,162731.0,604,158717.0,4014.0
2017-06-05,Brooklyn,1265,164943.0,1246,160873.0,4070.0
2017-06-05,New York,947,164943.0,910,160873.0,4070.0
2017-06-12,Brooklyn,1182,166986.0,1160,162865.0,4121.0
2017-06-12,New York,861,166986.0,832,162865.0,4121.0
2017-06-19,Brooklyn,1136,168919.0,1105,164741.0,4178.0
2017-06-19,New York,797,168919.0,771,164741.0,4178.0
2017-06-26,Brooklyn,897,170556.0,875,166327.0,4229.0
2017-06-26,New York,740,170556.0,711,166327.0,4229.0
2017-07-03,Brooklyn,996,172104.0,986,167846.0,4258.0
2017-07-03,New York,552,172104.0,533,167846.0,4258.0
2017-07-10,Brooklyn,1576,174803.0,1536,170456.0,4347.0
2017-07-10,New York,1123,174803.0,1074,170456.0,4347.0
2017-07-17,Brooklyn,1375,177269.0,1353,172860.0,4409.0
2017-07-17,New York,1091,177269.0,1051,172860.0,4409.0
2017-07-24,Brooklyn,1088,179342.0,1074,174890.0,4452.0
2017-07-24,New York,985,179342.0,956,174890.0,4452.0
2017-07-31,Brooklyn,1361,181594.0,1349,177109.0,4485.0
2017-07-31,New York,891,181594.0,870,177109.0,4485.0
2017-08-07,Brooklyn,1402,184107.0,1344,179542.0,4565.0
2017-08-07,New York,1111,184107.0,1089,179542.0,4565.0
2017-08-14,Brooklyn,1378,186436.0,1357,181823.0,4613.0
2017-08-14,New York,951,186436.0,924,181823.0,4613.0
2017-08-21,Brooklyn,770,188116.0,755,183469.0,4647.0
2017-08-21,New York,910,188116.0,891,183469.0,4647.0
2017-08-28,Brooklyn,1207,190145.0,1189,185452.0,4693.0
2017-08-28,New York,822,190145.0,794,185452.0,4693.0
2017-09-04,Brooklyn,1230,192253.0,1206,187506.0,4747.0
2017-09-04,New York,878,192253.0,848,187506.0,4747.0
2017-09-11,Brooklyn,1132,194488.0,1119,189698.0,4790.0
2017-09-11,New York,1103,194488.0,1073,189698.0,4790.0
2017-09-18,Brooklyn,1097,196904.0,1085,192059.0,4845.0
2017-09-18,New York,1319,196904.0,1276,192059.0,4845.0
2017-09-25,Brooklyn,1224,198969.0,1207,194074.0,4895.0
2017-09-25,New York,841,198969.0,808,194074.0,4895.0
2017-10-02,Brooklyn,1538,201356.0,1526,196419.0,4937.0
2017-10-02,New York,849,201356.0,819,196419.0,4937.0
2017-10-09,Brooklyn,1193,203397.0,1160,198401.0,4996.0
2017-10-09,New York,848,203397.0,822,198401.0,4996.0
2017-10-16,Brooklyn,1228,205810.0,1187,200716.0,5094.0
2017-10-16,New York,1185,205810.0,1128,200716.0,5094.0
2017-10-23,Brooklyn,1216,207960.0,1190,202815.0,5145.0
2017-10-23,New York,934,207960.0,909,202815.0,5145.0
2017-10-30,Brooklyn,1460,210393.0,1432,205188.0,5205.0
2017-10-30,New York,973,210393.0,941,205188.0,5205.0
2017-11-06,Brooklyn,1562,212928.0,1515,207664.0,5264.0
2017-11-06,New York,973,212928.0,961,207664.0,5264.0
2017-11-13,Brooklyn,1745,215744.0,1719,210410.0,5334.0
2017-11-13,New York,1071,215744.0,1027,210410.0,5334.0
2017-11-20,Brooklyn,761,217052.0,750,211695.0,5357.0
2017-11-20,New York,547,217052.0,535,211695.0,5357.0
2017-11-27,Brooklyn,1062,218872.0,1050,213472.0,5400.0
2017-11-27,New York,758,218872.0,727,213472.0,5400.0
2017-12-04,Brooklyn,1369,221515.0,1346,216055.0,5460.0
2017-12-04,New York,1274,221515.0,1237,216055.0,5460.0
2017-12-11,Brooklyn,1692,224165.0,1675,218652.0,5513.0
2017-12-11,New York,958,224165.0,922,218652.0,5513.0
2017-12-18,Brooklyn,1010,226115.0,977,220508.0,5607.0
2017-12-18,New York,940,226115.0,879,220508.0,5607.0
2017-12-25,Brooklyn,1126,228034.0,1113,222396.0,5638.0
2017-12-25,New York,793,228034.0,775,222396.0,5638.0
2018-01-01,Brooklyn,840,229416.0,689,223494.0,5922.0
2018-01-01,New York,542,229416.0,409,223494.0,5922.0
2018-01-08,Brooklyn,1296,231825.0,1034,225297.0,6528.0
2018-01-08,New York,1113,231825.0,769,225297.0,6528.0
2018-01-15,Brooklyn,1234,234057.0,955,227003.0,7054.0
2018-01-15,New York,998,234057.0,751,227003.0,7054.0
2018-01-22,Brooklyn,1440,236515.0,1119,228835.0,7680.0
2018-01-22,New York,1018,236515.0,713,228835.0,7680.0
2018-01-29,Brooklyn,1358,238680.0,1038,230432.0,8248.0
2018-01-29,New York,807,238680.0,559,230432.0,8248.0
2018-02-05,Brooklyn,1493,241365.0,1158,232386.0,8979.0
2018-02-05,New York,1192,241365.0,796,232386.0,8979.0
2018-02-12,Brooklyn,1466,243996.0,1106,234322.0,9674.0
2018-02-12,New York,1165,243996.0,830,234322.0,9674.0
2018-02-19,Brooklyn,950,245787.0,651,235559.0,10228.0
2018-02-19,New York,841,245787.0,586,235559.0,10228.0
2018-02-26,Brooklyn,989,247793.0,772,237035.0,10758.0
2018-02-26,New York,1017,247793.0,704,237035.0,10758.0
2018-03-05,Brooklyn,1279,249951.0,975,238612.0,11339.0
2018-03-05,New York,879,249951.0,602,238612.0,11339.0
2018-03-12,Brooklyn,1543,252502.0,1099,240431.0,12071.0
2018-03-12,New York,1008,252502.0,720,240431.0,12071.0
2018-03-19,Brooklyn,1154,254436.0,851,241847.0,12589.0
2018-03-19,New York,780,254436.0,565,241847.0,12589.0
2018-03-26,Brooklyn,1091,256292.0,844,243251.0,13041.0
2018-03-26,New York,765,256292.0,560,243251.0,13041.0
2018-04-02,Brooklyn,1018,258228.0,794,244654.0,13574.0
2018-04-02,New York,918,258228.0,609,244654.0,13574.0
2018-04-09,Brooklyn,1411,260541.0,1061,246324.0,14217.0
2018-04-09,New York,902,260541.0,609,246324.0,14217.0
2018-04-16,Brooklyn,867,262308.0,640,247585.0,14723.0
2018-04-16,New York,900,262308.0,621,247585.0,14723.0
2018-04-23,Brooklyn,879,263945.0,661,248797.0,15148.0
2018-04-23,New York,758,263945.0,551,248797.0,15148.0
2018-04-30,Brooklyn,955,265685.0,772,250135.0,15550.0
2018-04-30,New York,785,265685.0,566,250135.0,15550.0
2018-05-07,Brooklyn,1359,268105.0,1075,251918.0,16187.0
2018-05-07,New York,1061,268105.0,708,251918.0,16187.0
2018-05-14,Brooklyn,913,269736.0,708,253135.0,16601.0
2018-05-14,New York,718,269736.0,509,253135.0,16601.0
2018-05-21,Brooklyn,882,271210.0,654,254201.0,17009.0
2018-05-21,New York,592,271210.0,412,254201.0,17009.0
2018-05-28,Brooklyn,595,272488.0,439,255145.0,17343.0
2018-05-28,New York,683,272488.0,505,255145.0,17343.0
2018-06-04,Brooklyn,1188,274640.0,971,256805.0,17835.0
2018-06-04,New York,964,274640.0,689,256805.0,17835.0
2018-06-11,Brooklyn,1166,276951.0,917,258543.0,18408.0
2018-06-11,New York,1145,276951.0,821,258543.0,18408.0
2018-06-18,Brooklyn,1099,279019.0,870,260119.0,18900.0
2018-06-18,New York,969,279019.0,706,260119.0,18900.0
2018-06-25,Brooklyn,1369,281238.0,1106,261855.0,19383.0
2018-06-25,New York,850,281238.0,630,261855.0,19383.0
2018-07-02,Brooklyn,909,282538.0,729,262870.0,19668.0
2018-07-02,New York,391,282538.0,286,262870.0,19668.0
2018-07-09,Brooklyn,1268,284857.0,1008,264525.0,20332.0
2018-07-09,New York,1051,284857.0,647,264525.0,20332.0
2018-07-16,Brooklyn,1408,287183.0,1129,266328.0,20855.0
2018-07-16,New York,918,287183.0,674,266328.0,20855.0
2018-07-23,Brooklyn,1398,289897.0,1098,268370.0,21527.0
2018-07-23,New York,1316,289897.0,944,268370.0,21527.0
2018-07-30,Brooklyn,944,291461.0,756,269562.0,21899.0
2018-07-30,New York,620,291461.0,436,269562.0,21899.0
2018-08-06,Brooklyn,1549,293973.0,1280,271509.0,22464.0
2018-08-06,New York,963,293973.0,667,271509.0,22464.0
2018-08-13,Brooklyn,1735,297046.0,1342,273814.0,23232.0
2018-08-13,New York,1338,297046.0,963,273814.0,23232.0
2018-08-20,Brooklyn,1460,299408.0,1137,275596.0,23812.0
2018-08-20,New York,902,299408.0,645,275596.0,23812.0
2018-08-27,Brooklyn,1000,301266.0,777,276981.0,24285.0
2018-08-27,New York,858,301266.0,608,276981.0,24285.0
2018-09-03,Brooklyn,1059,302978.0,844,278297.0,24681.0
2018-09-03,New York,653,302978.0,472,278297.0,24681.0
2018-09-10,Brooklyn,1144,305266.0,895,279988.0,25278.0
2018-09-10,New York,1144,305266.0,796,279988.0,25278.0
2018-09-17,Brooklyn,1059,307265.0,836,281493.0,25772.0
2018-09-17,New York,940,307265.0,669,281493.0,25772.0
2018-09-24,Brooklyn,926,308925.0,750,282771.0,26154.0
2018-09-24,New York,734,308925.0,528,282771.0,26154.0
2018-10-01,Brooklyn,1276,311187.0,1010,284488.0,26699.0
2018-10-01,New York,986,311187.0,707,284488.0,26699.0
2018-10-08,Brooklyn,1215,313265.0,928,286029.0,27236.0
2018-10-08,New York,863,313265.0,613,286029.0,27236.0
2018-10-15,Brooklyn,1431,315783.0,1077,287886.0,27897.0
2018-10-15,New York,1087,315783.0,780,287886.0,27897.0
2018-10-22,Brooklyn,1446,317886.0,1099,289451.0,28435.0
2018-10-22,New York,657,317886.0,466,289451.0,28435.0
2018-10-29,Brooklyn,1568,320433.0,1209,291333.0,29100.0
2018-10-29,New York,979,320433.0,673,291333.0,29100.0
2018-11-05,Brooklyn,1212,322821.0,943,293088.0,29733.0
2018-11-05,New York,1176,322821.0,812,293088.0,29733.0
2018-11-12,Brooklyn,1967,325849.0,1451,295276.0,30573.0
2018-11-12,New York,1061,325849.0,737,295276.0,30573.0
2018-11-19,Brooklyn,1035,327513.0,784,296514.0,30999.0
2018-11-19,New York,629,327513.0,454,296514.0,30999.0
2018-11-26,Brooklyn,1136,329356.0,873,297894.0,31462.0
2018-11-26,New York,707,329356.0,507,297894.0,31462.0
2018-12-03,Brooklyn,1040,331228.0,809,299282.0,31946.0
2018-12-03,New York,832,331228.0,579,299282.0,31946.0
2018-12-10,Brooklyn,1384,333668.0,1031,301022.0,32646.0
2018-12-10,New York,1056,333668.0,709,301022.0,32646.0
2018-12-17,Brooklyn,1286,336048.0,966,302789.0,33259.0
2018-12-17,New York,1094,336048.0,801,302789.0,33259.0
2018-12-24,Brooklyn,700,337384.0,531,303787.0,33597.0
2018-12-24,New York,636,337384.0,467,303787.0,33597.0
2018-12-31,Brooklyn,1036,339154.0,843,305123.0,34031.0
2018-12-31,New York,734,339154.0,493,305123.0,34031.0
2019-01-07,Brooklyn,1139,341647.0,872,306938.0,34709.0
2019-01-07,New York,1354,341647.0,943,306938.0,34709.0
2019-01-14,Brooklyn,1209,343903.0,904,308606.0,35297.0
2019-01-14,New York,1047,343903.0,764,308606.0,35297.0
2019-01-21,Brooklyn,1161,345765.0,919,309989.0,35776.0
2019-01-21,New York,701,345765.0,464,309989.0,35776.0
2019-01-28,Brooklyn,1417,347967.0,1074,311603.0,36364.0
2019-01-28,New York,785,347967.0,540,311603.0,36364.0
2019-02-04,Brooklyn,1154,350096.0,884,313160.0,36936.0
2019-02-04,New York,975,350096.0,673,313160.0,36936.0
2019-02-11,Brooklyn,1462,352768.0,1049,315033.0,37735.0
2019-02-11,New York,1210,352768.0,824,315033.0,37735.0
2019-02-18,Brooklyn,1190,354627.0,879,316341.0,38286.0
2019-02-18,New York,669,354627.0,429,316341.0,38286.0
2019-02-25,Brooklyn,1280,356593.0,924,317737.0,38856.0
2019-02-25,New York,686,356593.0,472,317737.0,38856.0
2019-03-04,Brooklyn,1215,358577.0,937,319172.0,39405.0
2019-03-04,New York,769,358577.0,498,319172.0,39405.0
2019-03-11,Brooklyn,1188,360924.0,924,320878.0,40046.0
2019-03-11,New York,1159,360924.0,782,320878.0,40046.0
2019-03-18,Brooklyn,1203,362871.0,857,322255.0,40616.0
2019-03-18,New York,744,362871.0,520,322255.0,40616.0
2019-03-25,Brooklyn,950,364502.0,719,323452.0,41050.0
2019-03-25,New York,681,364502.0,478,323452.0,41050.0
2019-04-01,Brooklyn,1256,366940.0,961,325263.0,41677.0
2019-04-01,New York,1182,366940.0,850,325263.0,41677.0
2019-04-08,Brooklyn,1053,368978.0,777,326721.0,42257.0
2019-04-08,New York,985,368978.0,681,326721.0,42257.0
2019-04-15,Brooklyn,1055,370840.0,776,328059.0,42781.0
2019-04-15,New York,807,370840.0,562,328059.0,42781.0
2019-04-22,Brooklyn,933,372567.0,694,329294.0,43273.0
2019-04-22,New York,794,372567.0,541,329294.0,43273.0
2019-04-29,Brooklyn,895,374338.0,696,330620.0,43718.0
2019-04-29,New York,876,374338.0,630,330620.0,43718.0
2019-05-06,Brooklyn,1330,376896.0,1047,332499.0,44397.0
2019-05-06,New York,1228,376896.0,832,332499.0,44397.0
2019-05-13,Brooklyn,1127,379089.0,878,334104.0,44985.0
2019-05-13,New York,1066,379089.0,727,334104.0,44985.0
2019-05-20,Brooklyn,1396,381244.0,1055,335660.0,45584.0
2019-05-20,New York,759,381244.0,501,335660.0,45584.0
2019-05-27,Brooklyn,691,382553.0,537,336649.0,45904.0
2019-05-27,New York,618,382553.0,452,336649.0,45904.0
2019-06-03,Brooklyn,1056,384269.0,831,337940.0,46329.0
2019-06-03,New York,660,384269.0,460,337940.0,46329.0
2019-06-10,Brooklyn,1512,386694.0,1138,339692.0,47002.0
2019-06-10,New York,913,386694.0,614,339692.0,47002.0
2019-06-17,Brooklyn,846,388090.0,563,340601.0,47489.0
2019-06-17,New York,550,388090.0,346,340601.0,47489.0
2019-06-24,Brooklyn,524,388852.0,365,341123.0,47729.0
2019-06-24,New York,238,388852.0,157,341123.0,47729.0
2019-07-01,Brooklyn,454,389567.0,353,341650.0,47917.0
2019-07-01,New York,261,389567.0,174,341650.0,47917.0
2019-07-08,Brooklyn,624,390613.0,484,342424.0,48189.0
2019-07-08,New York,422,390613.0,290,342424.0,48189.0
2019-07-15,Brooklyn,379,391395.0,306,343011.0,48384.0
2019-07-15,New York,403,391395.0,281,343011.0,48384.0
2019-07-22,Brooklyn,472,392107.0,388,343578.0,48529.0
2019-07-22,New York,240,392107.0,179,343578.0,48529.0
2019-07-29,Brooklyn,468,392862.0,347,344106.0,48756.0
2019-07-29,New York,287,392862.0,181,344106.0,48756.0
2019-08-05,Brooklyn,832,394100.0,595,344971.0,49129.0
2019-08-05,New York,406,394100.0,270,344971.0,49129.0
2019-08-12,Brooklyn,812,395509.0,575,345923.0,49586.0
2019-08-12,New York,597,395509.0,377,345923.0,49586.0
2019-08-19,Brooklyn,912,396923.0,577,346809.0,50114.0
2019-08-19,New York,502,396923.0,309,346809.0,50114.0
2019-08-26,Brooklyn,616,398149.0,434,347627.0,50522.0
2019-08-26,New York,610,398149.0,384,347627.0,50522.0
2019-09-02,Brooklyn,671,399130.0,475,348309.0,50821.0
2019-09-02,New York,310,399130.0,207,348309.0,50821.0
2019-09-09,Brooklyn,895,400765.0,641,349429.0,51336.0
2019-09-09,New York,740,400765.0,479,349429.0,51336.0
2019-09-16,Brooklyn,1016,402327.0,746,350534.0,51793.0
2019-09-16,New York,546,402327.0,359,350534.0,51793.0
2019-09-23,Brooklyn,797,403748.0,569,351494.0,52254.0
2019-09-23,New York,624,403748.0,391,351494.0,52254.0
2019-09-30,Brooklyn,868,405165.0,627,352494.0,52671.0
2019-09-30,New York,549,405165.0,373,352494.0,52671.0
2019-10-07,Brooklyn,1016,406726.0,804,353655.0,53071.0
2019-10-07,New York,545,406726.0,357,353655.0,53071.0
2019-10-14,Brooklyn,602,408020.0,441,354529.0,53491.0
2019-10-14,New York,692,408020.0,433,354529.0,53491.0
2019-10-21,Brooklyn,874,409622.0,633,355664.0,53958.0
2019-10-21,New York,728,409622.0,502,355664.0,53958.0
2019-10-28,Brooklyn,855,411079.0,585,356623.0,54456.0
2019-10-28,New York,602,411079.0,374,356623.0,54456.0
2019-11-04,Brooklyn,838,412618.0,608,357695.0,54923.0
2019-11-04,New York,701,412618.0,464,357695.0,54923.0
2019-11-11,Brooklyn,802,413933.0,594,358613.0,55320.0
2019-11-11,New York,513,413933.0,324,358613.0,55320.0
2019-11-18,Brooklyn,1332,415960.0,926,359985.0,55975.0
2019-11-18,New York,695,415960.0,446,359985.0,55975.0
2019-11-25,Brooklyn,644,417022.0,448,360699.0,56323.0
2019-11-25,New York,418,417022.0,266,360699.0,56323.0
2019-12-02,Brooklyn,923,418620.0,630,361769.0,56851.0
2019-12-02,New York,675,418620.0,440,361769.0,56851.0
2019-12-09,Brooklyn,1083,420481.0,685,362943.0,57538.0
2019-12-09,New York,778,420481.0,489,362943.0,57538.0
2019-12-16,Brooklyn,916,422053.0,613,363957.0,58096.0
2019-12-16,New York,656,422053.0,401,363957.0,58096.0
2019-12-23,Brooklyn,493,422891.0,329,364483.0,58408.0
2019-12-23,New York,345,422891.0,197,364483.0,58408.0
2019-12-30,Brooklyn,661,423951.0,442,365161.0,58790.0
2019-12-30,New York,399,423951.0,236,365161.0,58790.0
2020-01-06,Brooklyn,1134,425840.0,772,366371.0,59469.0
2020-01-06,New York,755,425840.0,438,366371.0,59469.0
2020-01-13,Brooklyn,1036,427682.0,688,367497.0,60185.0
2020-01-13,New York,806,427682.0,438,367497.0,60185.0
2020-01-20,Brooklyn,826,429078.0,513,368322.0,60756.0
2020-01-20,New York,570,429078.0,312,368322.0,60756.0
2020-01-27,Brooklyn,805,430619.0,512,369247.0,61372.0
2020-01-27,New York,736,430619.0,413,369247.0,61372.0
2020-02-03,Brooklyn,1132,432480.0,670,370306.0,62174.0
2020-02-03,New York,729,432480.0,389,370306.0,62174.0
2020-02-10,Brooklyn,727,433901.0,413,371044.0,62857.0
2020-02-10,New York,694,433901.0,325,371044.0,62857.0
2020-02-17,Brooklyn,1076,435595.0,553,371862.0,63733.0
2020-02-17,New York,618,435595.0,265,371862.0,63733.0
2020-02-24,Brooklyn,858,437182.0,426,372574.0,64608.0
2020-02-24,New York,729,437182.0,286,372574.0,64608.0
2020-03-02,Brooklyn,1157,439267.0,534,373397.0,65870.0
2020-03-02,New York,928,439267.0,289,373397.0,65870.0
2020-03-09,Brooklyn,914,440967.0,314,373885.0,67082.0
2020-03-09,New York,786,440967.0,174,373885.0,67082.0
2020-03-16,Brooklyn,606,442038.0,178,374132.0,67906.0
2020-03-16,New York,465,442038.0,69,374132.0,67906.0
2020-04-06,New York,1,442039.0,1,374133.0,67906.0
2020-04-13,Brooklyn,1,442040.0,0,374133.0,67907.0
2020-05-11,Brooklyn,4,442044.0,1,374134.0,67910.0
2020-06-15,Brooklyn,1,442045.0,0,374134.0,67911.0
2020-06-22,New York,2,442047.0,2,374136.0,67911.0
2020-06-29,Brooklyn,4,442055.0,3,374140.0,67915.0
2020-06-29,New York,4,442055.0,1,374140.0,67915.0
2020-07-06,Brooklyn,23,442090.0,18,374163.0,67927.0
2020-07-06,New York,12,442090.0,5,374163.0,67927.0
2020-07-13,Brooklyn,31,442208.0,21,374223.0,67985.0
2020-07-13,New York,87,442208.0,39,374223.0,67985.0
2020-07-20,Brooklyn,156,442492.0,93,374345.0,68147.0
2020-07-20,New York,128,442492.0,29,374345.0,68147.0
2020-07-27,Brooklyn,222,442899.0,85,374495.0,68404.0
2020-07-27,New York,185,442899.0,65,374495.0,68404.0
2020-08-03,Brooklyn,147,443203.0,71,374639.0,68564.0
2020-08-03,New York,157,443203.0,73,374639.0,68564.0
2020-08-10,Brooklyn,565,444068.0,262,375034.0,69034.0
2020-08-10,New York,300,444068.0,133,375034.0,69034.0
2020-08-17,Brooklyn,537,444931.0,217,375368.0,69563.0
2020-08-17,New York,326,444931.0,117,375368.0,69563.0
2020-08-24,Brooklyn,557,445855.0,249,375759.0,70096.0
2020-08-24,New York,367,445855.0,142,375759.0,70096.0
2020-08-31,Brooklyn,483,446730.0,196,376107.0,70623.0
2020-08-31,New York,392,446730.0,152,376107.0,70623.0
2020-09-07,Brooklyn,393,447349.0,176,376370.0,70979.0
2020-09-07,New York,226,447349.0,87,376370.0,70979.0
2020-09-14,Brooklyn,293,447961.0,118,376618.0,71343.0
2020-09-14,New York,319,447961.0,130,376618.0,71343.0
2020-09-21,Brooklyn,474,448806.0,231,377015.0,71791.0
2020-09-21,New York,371,448806.0,166,377015.0,71791.0
2020-09-28,Brooklyn,399,449582.0,168,377323.0,72259.0
2020-09-28,New York,377,449582.0,140,377323.0,72259.0
2020-10-05,Brooklyn,604,450615.0,284,377782.0,72833.0
2020-10-05,New York,429,450615.0,175,377782.0,72833.0
2020-10-12,Brooklyn,568,451438.0,266,378161.0,73277.0
2020-10-12,New York,255,451438.0,113,378161.0,73277.0
2020-10-19,Brooklyn,718,452516.0,302,378608.0,73908.0
2020-10-19,New York,360,452516.0,145,378608.0,73908.0
2020-10-26,Brooklyn,629,453503.0,291,379069.0,74434.0
2020-10-26,New York,358,453503.0,170,379069.0,74434.0
2020-11-02,Brooklyn,559,454724.0,265,379570.0,75154.0
2020-11-02,New York,662,454724.0,236,379570.0,75154.0
2020-11-09,Brooklyn,443,455601.0,228,380007.0,75594.0
2020-11-09,New York,434,455601.0,209,380007.0,75594.0
2020-11-16,Brooklyn,429,456371.0,186,380335.0,76036.0
2020-11-16,New York,341,456371.0,142,380335.0,76036.0
2020-11-23,Brooklyn,368,457039.0,180,380625.0,76414.0
2020-11-23,New York,300,457039.0,110,380625.0,76414.0
2020-11-30,Brooklyn,588,458028.0,268,381070.0,76958.0
2020-11-30,New York,401,458028.0,177,381070.0,76958.0
2020-12-07,Brooklyn,624,458940.0,260,381462.0,77478.0
2020-12-07,New York,288,458940.0,132,381462.0,77478.0
2020-12-14,Brooklyn,525,459924.0,219,381869.0,78055.0
2020-12-14,New York,459,459924.0,188,381869.0,78055.0
2020-12-21,Brooklyn,621,460959.0,224,382229.0,78730.0
2020-12-21,New York,414,460959.0,136,382229.0,78730.0
2020-12-28,Brooklyn,152,461173.0,43,382302.0,78871.0
2020-12-28,New York,62,461173.0,30,382302.0,78871.0
2021-01-04,Brooklyn,47,461227.0,29,382336.0,78891.0
2021-01-04,New York,7,461227.0,5,382336.0,78891.0
2021-01-11,Brooklyn,23,461296.0,13,382375.0,78921.0
2021-01-11,New York,46,461296.0,26,382375.0,78921.0
2021-01-18,Brooklyn,24,461339.0,12,382392.0,78947.0
2021-01-18,New York,19,461339.0,5,382392.0,78947.0
2021-01-25,Brooklyn,56,461420.0,28,382429.0,78991.0
2021-01-25,New York,25,461420.0,9,382429.0,78991.0
2021-02-01,Brooklyn,58,461512.0,22,382466.0,79046.0
2021-02-01,New York,34,461512.0,15,382466.0,79046.0
2021-02-08,Brooklyn,134,461700.0,65,382552.0,79148.0
2021-02-08,New York,54,461700.0,21,382552.0,79148.0
2021-02-15,Brooklyn,136,461913.0,58,382640.0,79273.0
2021-02-15,New York,77,461913.0,30,382640.0,79273.0
2021-02-22,Brooklyn,159,462258.0,67,382770.0,79488.0
2021-02-22,New York,186,462258.0,63,382770.0,79488.0
2021-03-01,Brooklyn,248,462620.0,120,382925.0,79695.0
2021-03-01,New York,114,462620.0,35,382925.0,79695.0
2021-03-08,Brooklyn,249,462980.0,108,383076.0,79904.0
2021-03-08,New York,111,462980.0,43,383076.0,79904.0
2021-03-15,Brooklyn,151,463273.0,73,383207.0,80066.0
2021-03-15,New York,142,463273.0,58,383207.0,80066.0
2021-03-22,Brooklyn,228,463684.0,87,383350.0,80334.0
2021-03-22,New York,183,463684.0,56,383350.0,80334.0
2021-03-29,Brooklyn,273,464198.0,129,383544.0,80654.0
2021-03-29,New York,241,464198.0,65,383544.0,80654.0
2021-04-05,Brooklyn,366,464789.0,192,383835.0,80954.0
2021-04-05,New York,225,464789.0,99,383835.0,80954.0
2021-04-12,Brooklyn,250,465211.0,98,384000.0,81211.0
2021-04-12,New York,172,465211.0,67,384000.0,81211.0
2021-04-19,Brooklyn,208,465644.0,88,384164.0,81480.0
2021-04-19,New York,225,465644.0,76,384164.0,81480.0
2021-04-26,Brooklyn,368,466380.0,176,384495.0,81885.0
2021-04-26,New York,368,466380.0,155,384495.0,81885.0
2021-05-03,Brooklyn,363,467091.0,161,384792.0,82299.0
2021-05-03,New York,348,467091.0,136,384792.0,82299.0
2021-05-10,Brooklyn,460,467775.0,168,385046.0,82729.0
2021-05-10,New York,224,467775.0,86,385046.0,82729.0
2021-05-17,Brooklyn,271,468332.0,104,385247.0,83085.0
2021-05-17,New York,286,468332.0,97,385247.0,83085.0
2021-05-24,Brooklyn,324,468923.0,133,385469.0,83454.0
2021-05-24,New York,267,468923.0,89,385469.0,83454.0
2021-05-31,Brooklyn,230,469393.0,96,385638.0,83755.0
2021-05-31,New York,240,469393.0,73,385638.0,83755.0
2021-06-07,Brooklyn,342,470018.0,149,385899.0,84119.0
2021-06-07,New York,283,470018.0,112,385899.0,84119.0
2021-06-14,Brooklyn,392,470620.0,148,386121.0,84499.0
2021-06-14,New York,210,470620.0,74,386121.0,84499.0
2021-06-21,Brooklyn,236,471089.0,86,386301.0,84788.0
2021-06-21,New York,233,471089.0,94,386301.0,84788.0
2021-06-28,Brooklyn,312,471657.0,119,386517.0,85140.0
2021-06-28,New York,256,471657.0,97,386517.0,85140.0
2021-07-05,Brooklyn,271,472131.0,98,386701.0,85430.0
2021-07-05,New York,203,472131.0,86,386701.0,85430.0
2021-07-12,Brooklyn,224,472535.0,94,386858.0,85677.0
2021-07-12,New York,180,472535.0,63,386858.0,85677.0
2021-07-19,Brooklyn,215,472945.0,66,387006.0,85939.0
2021-07-19,New York,195,472945.0,82,387006.0,85939.0
2021-07-26,Brooklyn,197,473378.0,69,387158.0,86220.0
2021-07-26,New York,236,473378.0,83,387158.0,86220.0
2021-08-02,Brooklyn,264,473812.0,93,387308.0,86504.0
2021-08-02,New York,170,473812.0,57,387308.0,86504.0
2021-08-09,Brooklyn,303,474319.0,105,387484.0,86835.0
2021-08-09,New York,204,474319.0,71,387484.0,86835.0
2021-08-16,Brooklyn,264,474806.0,105,387660.0,87146.0
2021-08-16,New York,223,474806.0,71,387660.0,87146.0
2021-08-23,Brooklyn,308,475363.0,108,387853.0,87510.0
2021-08-23,New York,249,475363.0,85,387853.0,87510.0
2021-08-30,Brooklyn,307,475826.0,89,388016.0,87810.0
2021-08-30,New York,156,475826.0,74,388016.0,87810.0
2021-09-06,Brooklyn,108,475966.0,52,388082.0,87884.0
2021-09-06,New York,32,475966.0,14,388082.0,87884.0
2021-09-13,Brooklyn,136,476205.0,64,388188.0,88017.0
2021-09-13,New York,103,476205.0,42,388188.0,88017.0
2021-09-20,Brooklyn,182,476531.0,80,388328.0,88203.0
2021-09-20,New York,144,476531.0,60,388328.0,88203.0
2021-09-27,Brooklyn,248,476938.0,90,388484.0,88454.0
2021-09-27,New York,159,476938.0,66,388484.0,88454.0
2021-10-04,Brooklyn,226,477347.0,73,388639.0,88708.0
2021-10-04,New York,183,477347.0,82,388639.0,88708.0
2021-10-11,Brooklyn,294,477800.0,108,388802.0,88998.0
2021-10-11,New York,159,477800.0,55,388802.0,88998.0
2021-10-18,Brooklyn,254,478245.0,79,388954.0,89291.0
2021-10-18,New York,191,478245.0,73,388954.0,89291.0
2021-10-25,Brooklyn,189,478599.0,79,389080.0,89519.0
2021-10-25,New York,165,478599.0,47,389080.0,89519.0
2021-11-01,Brooklyn,312,479115.0,116,389278.0,89837.0
2021-11-01,New York,204,479115.0,82,389278.0,89837.0
2021-11-08,Brooklyn,290,479658.0,121,389489.0,90169.0
2021-11-08,New York,253,479658.0,90,389489.0,90169.0
2021-11-15,Brooklyn,235,480124.0,72,389631.0,90493.0
2021-11-15,New York,231,480124.0,70,389631.0,90493.0
2021-11-22,Brooklyn,179,480444.0,57,389734.0,90710.0
2021-11-22,New York,141,480444.0,46,389734.0,90710.0
2021-11-29,Brooklyn,307,480964.0,125,389950.0,91014.0
2021-11-29,New York,213,480964.0,91,389950.0,91014.0
2021-12-06,Brooklyn,404,481564.0,148,390162.0,91402.0
2021-12-06,New York,196,481564.0,64,390162.0,91402.0
2021-12-13,Brooklyn,228,481972.0,73,390296.0,91676.0
2021-12-13,New York,180,481972.0,61,390296.0,91676.0
2021-12-20,Brooklyn,227,482349.0,88,390426.0,91923.0
2021-12-20,New York,150,482349.0,42,390426.0,91923.0
2021-12-27,Brooklyn,293,482800.0,80,390564.0,92236.0
2021-12-27,New York,158,482800.0,58,390564.0,92236.0
2022-01-03,Brooklyn,333,483326.0,119,390758.0,92568.0
2022-01-03,New York,193,483326.0,75,390758.0,92568.0
2022-01-10,Brooklyn,348,483941.0,118,390956.0,92985.0
2022-01-10,New York,267,483941.0,80,390956.0,92985.0
2022-01-17,Brooklyn,369,484669.0,117,391199.0,93470.0
2022-01-17,New York,359,484669.0,126,391199.0,93470.0
2022-01-24,Brooklyn,588,485686.0,206,391510.0,94176.0
2022-01-24,New York,429,485686.0,105,391510.0,94176.0
2022-01-31,Brooklyn,432,486415.0,155,391754.0,94661.0
2022-01-31,New York,297,486415.0,89,391754.0,94661.0
2022-02-07,Brooklyn,599,487451.0,154,392037.0,95414.0
2022-02-07,New York,437,487451.0,129,392037.0,95414.0
2022-02-14,Brooklyn,498,488329.0,125,392253.0,96076.0
2022-02-14,New York,380,488329.0,91,392253.0,96076.0
2022-02-21,Brooklyn,468,489126.0,100,392401.0,96725.0
2022-02-21,New York,329,489126.0,48,392401.0,96725.0
2022-02-28,Brooklyn,520,490056.0,134,392658.0,97398.0
2022-02-28,New York,410,490056.0,123,392658.0,97398.0
2022-03-07,Brooklyn,803,491319.0,130,392879.0,98440.0
2022-03-07,New York,460,491319.0,91,392879.0,98440.0
2022-03-14,Brooklyn,698,492426.0,88,393038.0,99388.0
2022-03-14,New York,409,492426.0,71,393038.0,99388.0
2022-03-21,Brooklyn,618,493469.0,62,393169.0,100300.0
2022-03-21,New York,425,493469.0,69,393169.0,100300.0
2022-03-28,Brooklyn,635,494593.0,61,393298.0,101295.0
2022-03-28,New York,489,494593.0,68,393298.0,101295.0
2022-04-04,Brooklyn,806,495899.0,67,393433.0,102466.0
2022-04-04,New York,500,495899.0,68,393433.0,102466.0
2022-04-11,Brooklyn,773,497135.0,51,393530.0,103605.0
2022-04-11,New York,463,497135.0,46,393530.0,103605.0
2022-04-18,Brooklyn,607,498249.0,48,393636.0,104613.0
2022-04-18,New York,507,498249.0,58,393636.0,104613.0
2022-04-25,Brooklyn,681,499401.0,30,393744.0,105657.0
2022-04-25,New York,471,499401.0,78,393744.0,105657.0
2022-05-02,Brooklyn,775,500709.0,43,393817.0,106892.0
2022-05-02,New York,533,500709.0,30,393817.0,106892.0
2022-05-09,Brooklyn,500,501713.0,23,393882.0,107831.0
2022-05-09,New York,504,501713.0,42,393882.0,107831.0
2022-05-16,Brooklyn,619,502603.0,10,393915.0,108688.0
2022-05-16,New York,271,502603.0,23,393915.0,108688.0
2022-05-23,Brooklyn,644,503633.0,7,393935.0,109698.0
2022-05-23,New York,386,503633.0,13,393935.0,109698.0
2022-05-30,Brooklyn,501,504416.0,2,393944.0,110472.0
2022-05-30,New York,282,504416.0,7,393944.0,110472.0
2022-06-06,Brooklyn,724,505631.0,1,393951.0,111680.0
2022-06-06,New York,491,505631.0,6,393951.0,111680.0
2022-06-13,Brooklyn,528,506596.0,0,393961.0,112635.0
2022-06-13,New York,437,506596.0,10,393961.0,112635.0
2022-06-20,Brooklyn,31,506931.0,0,393963.0,112968.0
2022-06-20,New York,304,506931.0,2,393963.0,112968.0
2022-06-27,Brooklyn,32,507353.0,0,393963.0,113390.0
2022-06-27,New York,390,507353.0,0,393963.0,113390.0
